{
    "stations": [
        [
            51.326512,
            25.888012
        ],
        [
            47.810556,
            31.220078
        ],
        [
            50.302488,
            26.652177
        ],
        [
            51.455576,
            31.258429
        ],
        [
            50.446897,
            30.642566
        ],
        [
            50.393509,
            30.569114
        ],
        [
            49.796823,
            30.183293
        ],
        [
            50.532209,
            30.660289
        ],
        [
            50.135255,
            30.750105
        ],
        [
            49.207087,
            24.669934
        ],
        [
            49.814174,
            24.027451
        ],
        [
            49.047847,
            28.097111
        ],
        [
            48.527816,
            34.600858
        ],
        [
            49.070836,
            24.31936
        ],
        [
            49.170229,
            33.447494
        ],
        [
            48.529038,
            32.245428
        ],
        [
            46.948403,
            31.985436
        ],
        [
            49.460847,
            24.121086
        ],
        [
            49.93082,
            23.581989
        ],
        [
            46.500734,
            30.715812
        ],
        [
            50.931331,
            34.819892
        ],
        [
            49.39295,
            32.071304
        ],
        [
            50.273326,
            28.667022
        ],
        [
            48.67027,
            26.599955
        ],
        [
            47.544021,
            33.658118
        ],
        [
            49.59161,
            36.513779
        ],
        [
            48.706462,
            29.219402
        ]
    ],
    "military objects": [
        [
            47.912505,
            33.456871
        ],
        [
            49.4455,
            27.1613
        ],
        [
            49.4741,
            30.0148
        ],
        [
            50.2117,
            30.5442
        ],
        [
            50.0739,
            25.1015
        ],
        [
            46.893227,
            30.701729
        ],
        [
            50.1354,
            30.1802
        ],
        [
            47.3029,
            31.1527
        ],
        [
            49.1422,
            28.365
        ],
        [
            50.2644,
            25.5022
        ],
        [
            48.5303,
            24.411
        ],
        [
            49.3301,
            23.1959
        ],
        [
            49.2904,
            28.3222
        ],
        [
            46.56,
            32.05
        ],
        [
            50.4721,
            25.21
        ],
        [
            49.5549,
            33.3829
        ],
        [
            50.0929,
            28.4417
        ],
        [
            49.3737,
            34.2911
        ]
    ],
    "military_cities": [
        [
            48.52986,
            25.042028
        ],
        [
            50.847399,
            24.321607
        ],
        [
            49.935947,
            23.38482
        ],
        [
            48.438945,
            22.720829
        ],
        [
            49.55337,
            25.59685
        ],
        [
            50.616925,
            26.250895
        ],
        [
            51.296427,
            30.944363
        ],
        [
            50.586004,
            27.624018
        ],
        [
            50.908007,
            34.800716
        ],
        [
            51.23535,
            33.203533
        ],
        [
            51.67894,
            33.911283
        ],
        [
            49.802328,
            30.12645
        ],
        [
            49.893497,
            28.593511
        ],
        [
            47.933176,
            33.406814
        ],
        [
            48.700898,
            35.381519
        ],
        [
            48.733196,
            35.312789
        ],
        [
            47.843218,
            35.148074
        ],
        [
            46.585093,
            30.942065
        ],
        [
            48.80951,
            29.394629
        ],
        [
            48.040983,
            30.852335
        ],
        [
            47.305714,
            31.78867
        ],
        [
            49.415883,
            26.989763
        ],
        [
            50.174216,
            27.058961
        ],
        [
            50.104589,
            24.344494
        ],
        [
            49.713254,
            24.000515
        ],
        [
            46.99901,
            30.339442
        ],
        [
            46.644829,
            32.609839
        ],
        [
            50.179239,
            28.730042
        ],
        [
            50.254296,
            30.220382
        ],
        [
            49.66341,
            32.050178
        ],
        [
            48.475313,
            35.027698
        ],
        [
            47.576151,
            34.392555
        ],
        [
            49.994241,
            36.315426
        ],
        [
            46.581556,
            30.548195
        ],
        [
            46.018061,
            29.673364
        ],
        [
            45.682928,
            28.61393
        ],
        [
            46.631238,
            30.547965
        ],
        [
            46.617035,
            31.547376
        ],
        [
            49.595684,
            34.540628
        ],
        [
            49.084373,
            33.429752
        ],
        [
            48.288504,
            25.943577
        ],
        [
            50.507782,
            30.802638
        ],
        [
            48.7458,
            30.221253
        ]
    ]
}