{
    "S300_0": [
        47.20172273820793,
        31.613680435666495
    ],
    "Buk_0": [
        47.20172273820793,
        32.88409009375536
    ],
    "Buk_1": [
        48.47364438837864,
        34.15449975184423
    ],
    "Buk_2": [
        48.47364438837864,
        36.69531906802196
    ],
    "Buk_3": [
        49.74528363891497,
        25.261632145222165
    ],
    "Hawk_0": [
        48.47364438837864,
        26.53204180331103
    ],
    "Hawk_1": [
        49.74528363891497,
        35.42490940993309
    ],
    "Hawk_2": [
        51.01664237767114,
        29.072861119488763
    ],
    "SAMPT_0": [
        51.01664237767114,
        23.9912224871333
    ],
    "SAMPT_1": [
        51.01664237767114,
        27.802451461399897
    ],
    "Patriot_0": [
        49.74528363891497,
        29.072861119488763
    ],
    "Patriot_1": [
        49.74528363891497,
        34.15449975184423
    ]
}