{
    "S300_0": [
        49.74528363891497,
        34.15449975184423
    ],
    "Buk_0": [
        47.20172273820793,
        30.34327077757763
    ],
    "Buk_1": [
        49.74528363891497,
        32.88409009375536
    ],
    "Buk_2": [
        51.01664237767114,
        23.9912224871333
    ],
    "Buk_3": [
        51.01664237767114,
        31.613680435666495
    ],
    "Hawk_0": [
        48.47364438837864,
        31.613680435666495
    ],
    "Hawk_1": [
        48.47364438837864,
        35.42490940993309
    ],
    "Hawk_2": [
        51.01664237767114,
        26.53204180331103
    ],
    "SAMPT_0": [
        47.20172273820793,
        31.613680435666495
    ],
    "SAMPT_1": [
        48.47364438837864,
        37.965728726110825
    ],
    "Patriot_0": [
        48.47364438837864,
        32.88409009375536
    ],
    "Patriot_1": [
        49.74528363891497,
        29.072861119488763
    ]
}