{
    "S300_0": [
        48.47364438837864,
        35.42490940993309
    ],
    "Buk_0": [
        48.47364438837864,
        23.9912224871333
    ],
    "Buk_1": [
        48.47364438837864,
        34.15449975184423
    ],
    "Buk_2": [
        49.74528363891497,
        23.9912224871333
    ],
    "Buk_3": [
        49.74528363891497,
        32.88409009375536
    ],
    "Hawk_0": [
        48.47364438837864,
        27.802451461399897
    ],
    "Hawk_1": [
        48.47364438837864,
        31.613680435666495
    ],
    "Hawk_2": [
        49.74528363891497,
        35.42490940993309
    ],
    "SAMPT_0": [
        49.74528363891497,
        29.072861119488763
    ],
    "SAMPT_1": [
        51.01664237767114,
        34.15449975184423
    ],
    "Patriot_0": [
        49.74528363891497,
        31.613680435666495
    ],
    "Patriot_1": [
        51.01664237767114,
        31.613680435666495
    ]
}